,precision,recall,f1-score,support
Negatif,0.0,0.0,0.0,16.0
Netral,0.0,0.0,0.0,2.0
Positif,0.91,1.0,0.9528795811518325,182.0
accuracy,0.91,0.91,0.91,0.91
macro avg,0.30333333333333334,0.3333333333333333,0.31762652705061084,200.0
weighted avg,0.8281000000000001,0.91,0.8671204188481676,200.0
